{
  "navigation": {
    "pages": "Sayfalar",
    "businessUnit": "İş Birimi",
    "myTasks": "İşlerim",
    "completedTasks": "Tamamlanmış İşler",
    "projects": "Projeler",
    "persons": "Personeller",
    "companies": "Şirketler",
    "departments": "Departmanlar",
    "reports": "Raporlar",
    "homepage": "Anasayfa",
    "dashboards": "Kontrol Panelleri",
    "crm": "Müşteri İlişkileri Yönetimi",
    "analytics": "Analitik",
    "eCommerce": "E-Ticaret",
    "academy": "Akademi",
    "logistics": "Lojistik",
    "frontPages": "Ön Sayfalar",
    "landing": "Açılış",
    "pricing": "Fiyatlandırma",
    "payment": "Ödeme",
    "checkout": "Ödeme Süreci",
    "helpCenter": "Yardım Merkezi",
    "apps": "Uygulamalar",
    "dashboard": "Kontrol Paneli",
    "products": "Ürünler",
    "list": "Liste",
    "add": "Ekle",
    "category": "Kategori",
    "orders": "Siparişler",
    "details": "Detaylar",
    "customers": "Müşteriler",
    "manageReviews": "Yorumları Yönet",
    "referrals": "Referanslar",
    "settings": "Ayarlar",
    "myCourses": "Kurslarım",
    "courseDetails": "Kurs Detayları",
    "fleet": "Filo",
    "email": "E-Posta",
    "chat": "Sohbet",
    "calendar": "Takvim",
    "kanban": "Kanban",
    "invoice": "Fatura",
    "preview": "Önizleme",
    "edit": "Düzenle",
    "user": "Kullanıcı",
    "view": "Görüntüle",
    "rolesPermissions": "Roller ve İzinler",
    "roles": "Roller",
    "permissions": "İzinler",
    "userProfile": "Kullanıcı Profili",
    "accountSettings": "Hesap Ayarları",
    "faq": "SSS",
    "miscellaneous": "Çeşitli",
    "comingSoon": "Çok Yakında",
    "underMaintenance": "Bakım Aşamasında",
    "pageNotFound404": "Sayfa Bulunamadı - 404",
    "notAuthorized401": "Yetkisiz Erişim - 401",
    "authPages": "Kimlik Doğrulama Sayfaları",
    "login": "Giriş Yap",
    "loginV1": "Giriş v1",
    "loginV2": "Giriş v2",
    "register": "Kayıt Ol",
    "registerV1": "Kayıt v1",
    "registerV2": "Kayıt v2",
    "registerMultiSteps": "Çok Adımlı Kayıt",
    "verifyEmail": "E-Postayı Doğrula",
    "verifyEmailV1": "E-Posta Doğrulama v1",
    "verifyEmailV2": "E-Posta Doğrulama v2",
    "forgotPassword": "Şifremi Unuttum",
    "forgotPasswordV1": "Şifre Unutma v1",
    "forgotPasswordV2": "Şifre Unutma v2",
    "resetPassword": "Şifreyi Sıfırla",
    "resetPasswordV1": "Şifre Sıfırlama v1",
    "resetPasswordV2": "Şifre Sıfırlama v2",
    "twoSteps": "İki Adımlı Doğrulama",
    "twoStepsV1": "İki Adım v1",
    "twoStepsV2": "İki Adım v2",
    "wizardExamples": "Sihirbaz Örnekleri",
    "propertyListing": "Gayrimenkul Listeleme",
    "createDeal": "Teklif Oluştur",
    "dialogExamples": "Diyalog Örnekleri",
    "widgetExamples": "Widget Örnekleri",
    "basic": "Temel",
    "advanced": "Gelişmiş",
    "statistics": "İstatistikler",
    "actions": "Eylemler",
    "formsAndTables": "Formlar ve Tablolar",
    "formLayouts": "Form Düzenleri",
    "formValidation": "Form Doğrulama",
    "formWizard": "Form Sihirbazı",
    "reactTable": "React Tablosu",
    "formELements": "Form Elemanları",
    "muiTables": "MUI Tabloları",
    "chartsMisc": "Grafikler ve Diğerleri",
    "charts": "Grafikler",
    "recharts": "Recharts",
    "apex": "Apex",
    "foundation": "Temel",
    "components": "Bileşenler",
    "menuExamples": "Menü Örnekleri",
    "raiseSupport": "Destek Al",
    "documentation": "Dokümantasyon",
    "others": "Diğerleri",
    "itemWithBadge": "Rozetli Öğe",
    "externalLink": "Harici Bağlantı",
    "menuLevels": "Menü Seviyeleri",
    "menuLevel2": "Menü Seviyesi 2",
    "menuLevel3": "Menü Seviyesi 3",
    "disabledMenu": "Devre Dışı Menü"
  }
}
